CustomerId,MessageSubject,MessageText,SentimentLabel
"79,Campaign,""Müşteri hizmetleri sorularıma yanıt verdi ancak süreç biraz yavaş ilerledi. Ürün zamanında teslim edildi ancak paketleme standart bir seviyedeydi. Ürünü bir süre daha kullandıktan sonra daha net bir yorum yapabilirim. Genel olarak ortalama bir alışveriş deneyimi yaşadım. Kalite konusunda fena sayılmaz, beklentilerimi büyük ölçüde karşıladı. Kargo süreci normal seyrinde gerçekleşti, kayda değer bir sorun yoktu. Ayrıca süreç boyunca aldığım bilgilendirmeler ve genel iletişim tonu kullanıcı deneyimi açısından önemliydi. Ayrıca süreç boyunca aldığım bilgilendirmeler ve genel iletişim tonu kullanıcı deneyimi açısından önemliydi."",neutral",,,
"37,Delivery,""Ürün zamanında teslim edildi ancak paketleme standart bir seviyedeydi. Kalite konusunda fena sayılmaz, beklentilerimi büyük ölçüde karşıladı. Ürünü bir süre daha kullandıktan sonra daha net bir yorum yapabilirim. Genel olarak ortalama bir alışveriş deneyimi yaşadım. Kargo süreci normal seyrinde gerçekleşti, kayda değer bir sorun yoktu. Müşteri hizmetleri sorularıma yanıt verdi ancak süreç biraz yavaş ilerledi. Ayrıca süreç boyunca aldığım bilgilendirmeler ve genel iletişim tonu kullanıcı deneyimi açısından önemliydi. Ayrıca süreç boyunca aldığım bilgilendirmeler ve genel iletişim tonu kullanıcı deneyimi açısından önemliydi."",neutral",,,
"52,Recommendation,""Genel olarak ortalama bir alışveriş deneyimi yaşadım. Kalite konusunda fena sayılmaz, beklentilerimi büyük ölçüde karşıladı. Müşteri hizmetleri sorularıma yanıt verdi ancak süreç biraz yavaş ilerledi. Kargo süreci normal seyrinde gerçekleşti, kayda değer bir sorun yoktu. Ürünü bir süre daha kullandıktan sonra daha net bir yorum yapabilirim. Ürün zamanında teslim edildi ancak paketleme standart bir seviyedeydi. Ayrıca süreç boyunca aldığım bilgilendirmeler ve genel iletişim tonu kullanıcı deneyimi açısından önemliydi. Ayrıca süreç boyunca aldığım bilgilendirmeler ve genel iletişim tonu kullanıcı deneyimi açısından önemliydi."",neutral",,,
"22,Refund,""Ürün açıklamadaki özellikleri taşımadığı için büyük bir hayal kırıklığı yaşadım. Kargom belirtilen tarihten çok daha geç geldi ve bu beni oldukça mağdur etti. Müşteri hizmetleri ile defalarca iletişim kurmaya çalıştım fakat çözüm odaklı davranılmadı. Üründe üretim hataları vardı ve paketleme yeterince koruyucu değildi. İade süreci hem uzun hem de karmaşık ilerliyor, bu durum moral bozucu. Bu deneyimden sonra aynı yerden tekrar alışveriş yapmayı düşünmüyorum. Ayrıca süreç boyunca aldığım bilgilendirmeler ve genel iletişim tonu kullanıcı deneyimi açısından önemliydi."",negative",,,
"78,Recommendation,""İade süreci hem uzun hem de karmaşık ilerliyor, bu durum moral bozucu. Müşteri hizmetleri ile defalarca iletişim kurmaya çalıştım fakat çözüm odaklı davranılmadı. Kargom belirtilen tarihten çok daha geç geldi ve bu beni oldukça mağdur etti. Üründe üretim hataları vardı ve paketleme yeterince koruyucu değildi. Ürün açıklamadaki özellikleri taşımadığı için büyük bir hayal kırıklığı yaşadım. Bu deneyimden sonra aynı yerden tekrar alışveriş yapmayı düşünmüyorum. Ayrıca süreç boyunca aldığım bilgilendirmeler ve genel iletişim tonu kullanıcı deneyimi açısından önemliydi."",negative",,,
"58,Product Quality,""Kargo süreci normal seyrinde gerçekleşti, kayda değer bir sorun yoktu. Müşteri hizmetleri sorularıma yanıt verdi ancak süreç biraz yavaş ilerledi. Genel olarak ortalama bir alışveriş deneyimi yaşadım. Ürünü bir süre daha kullandıktan sonra daha net bir yorum yapabilirim. Kalite konusunda fena sayılmaz, beklentilerimi büyük ölçüde karşıladı. Ürün zamanında teslim edildi ancak paketleme standart bir seviyedeydi. Ayrıca süreç boyunca aldığım bilgilendirmeler ve genel iletişim tonu kullanıcı deneyimi açısından önemliydi. Ayrıca süreç boyunca aldığım bilgilendirmeler ve genel iletişim tonu kullanıcı deneyimi açısından önemliydi."",neutral",,,
"9,Recommendation,""Ürün elime ulaştığında beklentilerimin de üzerinde bir kalite ile karşılaştım. Paketleme kesinlikle çok özenliydi ve taşıma sırasında herhangi bir hasar olmamış. Kargo tahmin edilenden daha kısa sürede geldi, bu beni çok mutlu etti. Kullanım deneyimi son derece başarılı, özellikle malzeme kalitesi etkileyici. Müşteri hizmetlerinden sipariş öncesi aldığım destek çok yardımcı oldu. Arkadaşlarıma da tavsiye etmeyi düşünüyorum çünkü gerçekten başarılı bir alışveriş oldu. Ayrıca süreç boyunca aldığım bilgilendirmeler ve genel iletişim tonu kullanıcı deneyimi açısından önemliydi."",positive",,,
"53,Product Quality,""Genel olarak ortalama bir alışveriş deneyimi yaşadım. Ürünü bir süre daha kullandıktan sonra daha net bir yorum yapabilirim. Kalite konusunda fena sayılmaz, beklentilerimi büyük ölçüde karşıladı. Kargo süreci normal seyrinde gerçekleşti, kayda değer bir sorun yoktu. Müşteri hizmetleri sorularıma yanıt verdi ancak süreç biraz yavaş ilerledi. Ürün zamanında teslim edildi ancak paketleme standart bir seviyedeydi. Ayrıca süreç boyunca aldığım bilgilendirmeler ve genel iletişim tonu kullanıcı deneyimi açısından önemliydi. Ayrıca süreç boyunca aldığım bilgilendirmeler ve genel iletişim tonu kullanıcı deneyimi açısından önemliydi."",neutral",,,
"79,Support,""Ürün açıklamadaki özellikleri taşımadığı için büyük bir hayal kırıklığı yaşadım. Bu deneyimden sonra aynı yerden tekrar alışveriş yapmayı düşünmüyorum. Üründe üretim hataları vardı ve paketleme yeterince koruyucu değildi. Kargom belirtilen tarihten çok daha geç geldi ve bu beni oldukça mağdur etti. İade süreci hem uzun hem de karmaşık ilerliyor, bu durum moral bozucu. Müşteri hizmetleri ile defalarca iletişim kurmaya çalıştım fakat çözüm odaklı davranılmadı. Ayrıca süreç boyunca aldığım bilgilendirmeler ve genel iletişim tonu kullanıcı deneyimi açısından önemliydi."",negative",,,
"89,Support,""Arkadaşlarıma da tavsiye etmeyi düşünüyorum çünkü gerçekten başarılı bir alışveriş oldu. Müşteri hizmetlerinden sipariş öncesi aldığım destek çok yardımcı oldu. Paketleme kesinlikle çok özenliydi ve taşıma sırasında herhangi bir hasar olmamış. Kullanım deneyimi son derece başarılı, özellikle malzeme kalitesi etkileyici. Kargo tahmin edilenden daha kısa sürede geldi, bu beni çok mutlu etti. Ürün elime ulaştığında beklentilerimin de üzerinde bir kalite ile karşılaştım. Ayrıca süreç boyunca aldığım bilgilendirmeler ve genel iletişim tonu kullanıcı deneyimi açısından önemliydi."",positive",,,
"73,Recommendation,""Ürün açıklamadaki özellikleri taşımadığı için büyük bir hayal kırıklığı yaşadım. Müşteri hizmetleri ile defalarca iletişim kurmaya çalıştım fakat çözüm odaklı davranılmadı. Bu deneyimden sonra aynı yerden tekrar alışveriş yapmayı düşünmüyorum. Üründe üretim hataları vardı ve paketleme yeterince koruyucu değildi. İade süreci hem uzun hem de karmaşık ilerliyor, bu durum moral bozucu. Kargom belirtilen tarihten çok daha geç geldi ve bu beni oldukça mağdur etti. Ayrıca süreç boyunca aldığım bilgilendirmeler ve genel iletişim tonu kullanıcı deneyimi açısından önemliydi."",negative",,,
"62,Campaign,""Müşteri hizmetlerinden sipariş öncesi aldığım destek çok yardımcı oldu. Kargo tahmin edilenden daha kısa sürede geldi, bu beni çok mutlu etti. Kullanım deneyimi son derece başarılı, özellikle malzeme kalitesi etkileyici. Paketleme kesinlikle çok özenliydi ve taşıma sırasında herhangi bir hasar olmamış. Ürün elime ulaştığında beklentilerimin de üzerinde bir kalite ile karşılaştım. Arkadaşlarıma da tavsiye etmeyi düşünüyorum çünkü gerçekten başarılı bir alışveriş oldu. Ayrıca süreç boyunca aldığım bilgilendirmeler ve genel iletişim tonu kullanıcı deneyimi açısından önemliydi."",positive",,,
"95,Stock,""Kargo tahmin edilenden daha kısa sürede geldi, bu beni çok mutlu etti. Müşteri hizmetlerinden sipariş öncesi aldığım destek çok yardımcı oldu. Arkadaşlarıma da tavsiye etmeyi düşünüyorum çünkü gerçekten başarılı bir alışveriş oldu. Paketleme kesinlikle çok özenliydi ve taşıma sırasında herhangi bir hasar olmamış. Ürün elime ulaştığında beklentilerimin de üzerinde bir kalite ile karşılaştım. Kullanım deneyimi son derece başarılı, özellikle malzeme kalitesi etkileyici. Ayrıca süreç boyunca aldığım bilgilendirmeler ve genel iletişim tonu kullanıcı deneyimi açısından önemliydi."",positive",,,
"64,Refund,""Bu deneyimden sonra aynı yerden tekrar alışveriş yapmayı düşünmüyorum. Kargom belirtilen tarihten çok daha geç geldi ve bu beni oldukça mağdur etti. Ürün açıklamadaki özellikleri taşımadığı için büyük bir hayal kırıklığı yaşadım. Üründe üretim hataları vardı ve paketleme yeterince koruyucu değildi. Müşteri hizmetleri ile defalarca iletişim kurmaya çalıştım fakat çözüm odaklı davranılmadı. İade süreci hem uzun hem de karmaşık ilerliyor, bu durum moral bozucu. Ayrıca süreç boyunca aldığım bilgilendirmeler ve genel iletişim tonu kullanıcı deneyimi açısından önemliydi."",negative",,,
"32,Account,""Ürün elime ulaştığında beklentilerimin de üzerinde bir kalite ile karşılaştım. Kargo tahmin edilenden daha kısa sürede geldi, bu beni çok mutlu etti. Müşteri hizmetlerinden sipariş öncesi aldığım destek çok yardımcı oldu. Paketleme kesinlikle çok özenliydi ve taşıma sırasında herhangi bir hasar olmamış. Arkadaşlarıma da tavsiye etmeyi düşünüyorum çünkü gerçekten başarılı bir alışveriş oldu. Kullanım deneyimi son derece başarılı, özellikle malzeme kalitesi etkileyici. Ayrıca süreç boyunca aldığım bilgilendirmeler ve genel iletişim tonu kullanıcı deneyimi açısından önemliydi."",positive",,,
"1,Product Quality,""Kalite konusunda fena sayılmaz, beklentilerimi büyük ölçüde karşıladı. Kargo süreci normal seyrinde gerçekleşti, kayda değer bir sorun yoktu. Müşteri hizmetleri sorularıma yanıt verdi ancak süreç biraz yavaş ilerledi. Ürünü bir süre daha kullandıktan sonra daha net bir yorum yapabilirim. Genel olarak ortalama bir alışveriş deneyimi yaşadım. Ürün zamanında teslim edildi ancak paketleme standart bir seviyedeydi. Ayrıca süreç boyunca aldığım bilgilendirmeler ve genel iletişim tonu kullanıcı deneyimi açısından önemliydi. Ayrıca süreç boyunca aldığım bilgilendirmeler ve genel iletişim tonu kullanıcı deneyimi açısından önemliydi."",neutral",,,
"43,Campaign,""Ürün zamanında teslim edildi ancak paketleme standart bir seviyedeydi. Müşteri hizmetleri sorularıma yanıt verdi ancak süreç biraz yavaş ilerledi. Genel olarak ortalama bir alışveriş deneyimi yaşadım. Ürünü bir süre daha kullandıktan sonra daha net bir yorum yapabilirim. Kargo süreci normal seyrinde gerçekleşti, kayda değer bir sorun yoktu. Kalite konusunda fena sayılmaz, beklentilerimi büyük ölçüde karşıladı. Ayrıca süreç boyunca aldığım bilgilendirmeler ve genel iletişim tonu kullanıcı deneyimi açısından önemliydi. Ayrıca süreç boyunca aldığım bilgilendirmeler ve genel iletişim tonu kullanıcı deneyimi açısından önemliydi."",neutral",,,
"20,Stock,""Kargo tahmin edilenden daha kısa sürede geldi, bu beni çok mutlu etti. Müşteri hizmetlerinden sipariş öncesi aldığım destek çok yardımcı oldu. Kullanım deneyimi son derece başarılı, özellikle malzeme kalitesi etkileyici. Ürün elime ulaştığında beklentilerimin de üzerinde bir kalite ile karşılaştım. Arkadaşlarıma da tavsiye etmeyi düşünüyorum çünkü gerçekten başarılı bir alışveriş oldu. Paketleme kesinlikle çok özenliydi ve taşıma sırasında herhangi bir hasar olmamış. Ayrıca süreç boyunca aldığım bilgilendirmeler ve genel iletişim tonu kullanıcı deneyimi açısından önemliydi."",positive",,,
"33,Payment,""Müşteri hizmetleri sorularıma yanıt verdi ancak süreç biraz yavaş ilerledi. Kalite konusunda fena sayılmaz, beklentilerimi büyük ölçüde karşıladı. Genel olarak ortalama bir alışveriş deneyimi yaşadım. Ürünü bir süre daha kullandıktan sonra daha net bir yorum yapabilirim. Kargo süreci normal seyrinde gerçekleşti, kayda değer bir sorun yoktu. Ürün zamanında teslim edildi ancak paketleme standart bir seviyedeydi. Ayrıca süreç boyunca aldığım bilgilendirmeler ve genel iletişim tonu kullanıcı deneyimi açısından önemliydi. Ayrıca süreç boyunca aldığım bilgilendirmeler ve genel iletişim tonu kullanıcı deneyimi açısından önemliydi."",neutral",,,
"99,Refund,""Kargom belirtilen tarihten çok daha geç geldi ve bu beni oldukça mağdur etti. Ürün açıklamadaki özellikleri taşımadığı için büyük bir hayal kırıklığı yaşadım. Bu deneyimden sonra aynı yerden tekrar alışveriş yapmayı düşünmüyorum. Müşteri hizmetleri ile defalarca iletişim kurmaya çalıştım fakat çözüm odaklı davranılmadı. İade süreci hem uzun hem de karmaşık ilerliyor, bu durum moral bozucu. Üründe üretim hataları vardı ve paketleme yeterince koruyucu değildi. Ayrıca süreç boyunca aldığım bilgilendirmeler ve genel iletişim tonu kullanıcı deneyimi açısından önemliydi."",negative",,,
"100,Delivery,""Arkadaşlarıma da tavsiye etmeyi düşünüyorum çünkü gerçekten başarılı bir alışveriş oldu. Müşteri hizmetlerinden sipariş öncesi aldığım destek çok yardımcı oldu. Kargo tahmin edilenden daha kısa sürede geldi, bu beni çok mutlu etti. Ürün elime ulaştığında beklentilerimin de üzerinde bir kalite ile karşılaştım. Paketleme kesinlikle çok özenliydi ve taşıma sırasında herhangi bir hasar olmamış. Kullanım deneyimi son derece başarılı, özellikle malzeme kalitesi etkileyici. Ayrıca süreç boyunca aldığım bilgilendirmeler ve genel iletişim tonu kullanıcı deneyimi açısından önemliydi."",positive",,,
"46,Payment,""İade süreci hem uzun hem de karmaşık ilerliyor, bu durum moral bozucu. Kargom belirtilen tarihten çok daha geç geldi ve bu beni oldukça mağdur etti. Ürün açıklamadaki özellikleri taşımadığı için büyük bir hayal kırıklığı yaşadım. Müşteri hizmetleri ile defalarca iletişim kurmaya çalıştım fakat çözüm odaklı davranılmadı. Üründe üretim hataları vardı ve paketleme yeterince koruyucu değildi. Bu deneyimden sonra aynı yerden tekrar alışveriş yapmayı düşünmüyorum. Ayrıca süreç boyunca aldığım bilgilendirmeler ve genel iletişim tonu kullanıcı deneyimi açısından önemliydi."",negative",,,
"71,Payment,""Kargom belirtilen tarihten çok daha geç geldi ve bu beni oldukça mağdur etti. Müşteri hizmetleri ile defalarca iletişim kurmaya çalıştım fakat çözüm odaklı davranılmadı. Üründe üretim hataları vardı ve paketleme yeterince koruyucu değildi. Bu deneyimden sonra aynı yerden tekrar alışveriş yapmayı düşünmüyorum. Ürün açıklamadaki özellikleri taşımadığı için büyük bir hayal kırıklığı yaşadım. İade süreci hem uzun hem de karmaşık ilerliyor, bu durum moral bozucu. Ayrıca süreç boyunca aldığım bilgilendirmeler ve genel iletişim tonu kullanıcı deneyimi açısından önemliydi."",negative",,,
"27,Support,""Ürünü bir süre daha kullandıktan sonra daha net bir yorum yapabilirim. Kalite konusunda fena sayılmaz, beklentilerimi büyük ölçüde karşıladı. Ürün zamanında teslim edildi ancak paketleme standart bir seviyedeydi. Kargo süreci normal seyrinde gerçekleşti, kayda değer bir sorun yoktu. Müşteri hizmetleri sorularıma yanıt verdi ancak süreç biraz yavaş ilerledi. Genel olarak ortalama bir alışveriş deneyimi yaşadım. Ayrıca süreç boyunca aldığım bilgilendirmeler ve genel iletişim tonu kullanıcı deneyimi açısından önemliydi. Ayrıca süreç boyunca aldığım bilgilendirmeler ve genel iletişim tonu kullanıcı deneyimi açısından önemliydi."",neutral",,,
"14,Refund,""Müşteri hizmetlerinden sipariş öncesi aldığım destek çok yardımcı oldu. Kullanım deneyimi son derece başarılı, özellikle malzeme kalitesi etkileyici. Arkadaşlarıma da tavsiye etmeyi düşünüyorum çünkü gerçekten başarılı bir alışveriş oldu. Kargo tahmin edilenden daha kısa sürede geldi, bu beni çok mutlu etti. Paketleme kesinlikle çok özenliydi ve taşıma sırasında herhangi bir hasar olmamış. Ürün elime ulaştığında beklentilerimin de üzerinde bir kalite ile karşılaştım. Ayrıca süreç boyunca aldığım bilgilendirmeler ve genel iletişim tonu kullanıcı deneyimi açısından önemliydi."",positive",,,
"7,Payment,""Müşteri hizmetleri ile defalarca iletişim kurmaya çalıştım fakat çözüm odaklı davranılmadı. İade süreci hem uzun hem de karmaşık ilerliyor, bu durum moral bozucu. Ürün açıklamadaki özellikleri taşımadığı için büyük bir hayal kırıklığı yaşadım. Kargom belirtilen tarihten çok daha geç geldi ve bu beni oldukça mağdur etti. Bu deneyimden sonra aynı yerden tekrar alışveriş yapmayı düşünmüyorum. Üründe üretim hataları vardı ve paketleme yeterince koruyucu değildi. Ayrıca süreç boyunca aldığım bilgilendirmeler ve genel iletişim tonu kullanıcı deneyimi açısından önemliydi."",negative",,,
"17,Account,""Müşteri hizmetlerinden sipariş öncesi aldığım destek çok yardımcı oldu. Kullanım deneyimi son derece başarılı, özellikle malzeme kalitesi etkileyici. Arkadaşlarıma da tavsiye etmeyi düşünüyorum çünkü gerçekten başarılı bir alışveriş oldu. Kargo tahmin edilenden daha kısa sürede geldi, bu beni çok mutlu etti. Ürün elime ulaştığında beklentilerimin de üzerinde bir kalite ile karşılaştım. Paketleme kesinlikle çok özenliydi ve taşıma sırasında herhangi bir hasar olmamış. Ayrıca süreç boyunca aldığım bilgilendirmeler ve genel iletişim tonu kullanıcı deneyimi açısından önemliydi."",positive",,,
"84,Product Quality,""İade süreci hem uzun hem de karmaşık ilerliyor, bu durum moral bozucu. Ürün açıklamadaki özellikleri taşımadığı için büyük bir hayal kırıklığı yaşadım. Kargom belirtilen tarihten çok daha geç geldi ve bu beni oldukça mağdur etti. Üründe üretim hataları vardı ve paketleme yeterince koruyucu değildi. Bu deneyimden sonra aynı yerden tekrar alışveriş yapmayı düşünmüyorum. Müşteri hizmetleri ile defalarca iletişim kurmaya çalıştım fakat çözüm odaklı davranılmadı. Ayrıca süreç boyunca aldığım bilgilendirmeler ve genel iletişim tonu kullanıcı deneyimi açısından önemliydi."",negative",,,
"53,Recommendation,""Bu deneyimden sonra aynı yerden tekrar alışveriş yapmayı düşünmüyorum. Ürün açıklamadaki özellikleri taşımadığı için büyük bir hayal kırıklığı yaşadım. Müşteri hizmetleri ile defalarca iletişim kurmaya çalıştım fakat çözüm odaklı davranılmadı. Üründe üretim hataları vardı ve paketleme yeterince koruyucu değildi. Kargom belirtilen tarihten çok daha geç geldi ve bu beni oldukça mağdur etti. İade süreci hem uzun hem de karmaşık ilerliyor, bu durum moral bozucu. Ayrıca süreç boyunca aldığım bilgilendirmeler ve genel iletişim tonu kullanıcı deneyimi açısından önemliydi."",negative",,,
"99,Refund,""Müşteri hizmetleri ile defalarca iletişim kurmaya çalıştım fakat çözüm odaklı davranılmadı. Ürün açıklamadaki özellikleri taşımadığı için büyük bir hayal kırıklığı yaşadım. İade süreci hem uzun hem de karmaşık ilerliyor, bu durum moral bozucu. Üründe üretim hataları vardı ve paketleme yeterince koruyucu değildi. Kargom belirtilen tarihten çok daha geç geldi ve bu beni oldukça mağdur etti. Bu deneyimden sonra aynı yerden tekrar alışveriş yapmayı düşünmüyorum. Ayrıca süreç boyunca aldığım bilgilendirmeler ve genel iletişim tonu kullanıcı deneyimi açısından önemliydi."",negative",,,
"100,Campaign,""Müşteri hizmetleri ile defalarca iletişim kurmaya çalıştım fakat çözüm odaklı davranılmadı. Kargom belirtilen tarihten çok daha geç geldi ve bu beni oldukça mağdur etti. Bu deneyimden sonra aynı yerden tekrar alışveriş yapmayı düşünmüyorum. Üründe üretim hataları vardı ve paketleme yeterince koruyucu değildi. Ürün açıklamadaki özellikleri taşımadığı için büyük bir hayal kırıklığı yaşadım. İade süreci hem uzun hem de karmaşık ilerliyor, bu durum moral bozucu. Ayrıca süreç boyunca aldığım bilgilendirmeler ve genel iletişim tonu kullanıcı deneyimi açısından önemliydi."",negative",,,
"67,Account,""Kargo tahmin edilenden daha kısa sürede geldi, bu beni çok mutlu etti. Kullanım deneyimi son derece başarılı, özellikle malzeme kalitesi etkileyici. Paketleme kesinlikle çok özenliydi ve taşıma sırasında herhangi bir hasar olmamış. Arkadaşlarıma da tavsiye etmeyi düşünüyorum çünkü gerçekten başarılı bir alışveriş oldu. Ürün elime ulaştığında beklentilerimin de üzerinde bir kalite ile karşılaştım. Müşteri hizmetlerinden sipariş öncesi aldığım destek çok yardımcı oldu. Ayrıca süreç boyunca aldığım bilgilendirmeler ve genel iletişim tonu kullanıcı deneyimi açısından önemliydi."",positive",,,
"39,Delivery,""Müşteri hizmetleri sorularıma yanıt verdi ancak süreç biraz yavaş ilerledi. Kargo süreci normal seyrinde gerçekleşti, kayda değer bir sorun yoktu. Ürünü bir süre daha kullandıktan sonra daha net bir yorum yapabilirim. Kalite konusunda fena sayılmaz, beklentilerimi büyük ölçüde karşıladı. Genel olarak ortalama bir alışveriş deneyimi yaşadım. Ürün zamanında teslim edildi ancak paketleme standart bir seviyedeydi. Ayrıca süreç boyunca aldığım bilgilendirmeler ve genel iletişim tonu kullanıcı deneyimi açısından önemliydi. Ayrıca süreç boyunca aldığım bilgilendirmeler ve genel iletişim tonu kullanıcı deneyimi açısından önemliydi."",neutral",,,
"63,Product Quality,""İade süreci hem uzun hem de karmaşık ilerliyor, bu durum moral bozucu. Üründe üretim hataları vardı ve paketleme yeterince koruyucu değildi. Müşteri hizmetleri ile defalarca iletişim kurmaya çalıştım fakat çözüm odaklı davranılmadı. Kargom belirtilen tarihten çok daha geç geldi ve bu beni oldukça mağdur etti. Bu deneyimden sonra aynı yerden tekrar alışveriş yapmayı düşünmüyorum. Ürün açıklamadaki özellikleri taşımadığı için büyük bir hayal kırıklığı yaşadım. Ayrıca süreç boyunca aldığım bilgilendirmeler ve genel iletişim tonu kullanıcı deneyimi açısından önemliydi."",negative",,,
"8,Recommendation,""Müşteri hizmetleri sorularıma yanıt verdi ancak süreç biraz yavaş ilerledi. Genel olarak ortalama bir alışveriş deneyimi yaşadım. Kalite konusunda fena sayılmaz, beklentilerimi büyük ölçüde karşıladı. Kargo süreci normal seyrinde gerçekleşti, kayda değer bir sorun yoktu. Ürünü bir süre daha kullandıktan sonra daha net bir yorum yapabilirim. Ürün zamanında teslim edildi ancak paketleme standart bir seviyedeydi. Ayrıca süreç boyunca aldığım bilgilendirmeler ve genel iletişim tonu kullanıcı deneyimi açısından önemliydi. Ayrıca süreç boyunca aldığım bilgilendirmeler ve genel iletişim tonu kullanıcı deneyimi açısından önemliydi."",neutral",,,
"82,Product Quality,""Ürün elime ulaştığında beklentilerimin de üzerinde bir kalite ile karşılaştım. Paketleme kesinlikle çok özenliydi ve taşıma sırasında herhangi bir hasar olmamış. Kargo tahmin edilenden daha kısa sürede geldi, bu beni çok mutlu etti. Müşteri hizmetlerinden sipariş öncesi aldığım destek çok yardımcı oldu. Kullanım deneyimi son derece başarılı, özellikle malzeme kalitesi etkileyici. Arkadaşlarıma da tavsiye etmeyi düşünüyorum çünkü gerçekten başarılı bir alışveriş oldu. Ayrıca süreç boyunca aldığım bilgilendirmeler ve genel iletişim tonu kullanıcı deneyimi açısından önemliydi."",positive",,,
"49,Payment,""Müşteri hizmetlerinden sipariş öncesi aldığım destek çok yardımcı oldu. Kargo tahmin edilenden daha kısa sürede geldi, bu beni çok mutlu etti. Kullanım deneyimi son derece başarılı, özellikle malzeme kalitesi etkileyici. Ürün elime ulaştığında beklentilerimin de üzerinde bir kalite ile karşılaştım. Arkadaşlarıma da tavsiye etmeyi düşünüyorum çünkü gerçekten başarılı bir alışveriş oldu. Paketleme kesinlikle çok özenliydi ve taşıma sırasında herhangi bir hasar olmamış. Ayrıca süreç boyunca aldığım bilgilendirmeler ve genel iletişim tonu kullanıcı deneyimi açısından önemliydi."",positive",,,
"99,Campaign,""Kalite konusunda fena sayılmaz, beklentilerimi büyük ölçüde karşıladı. Ürünü bir süre daha kullandıktan sonra daha net bir yorum yapabilirim. Genel olarak ortalama bir alışveriş deneyimi yaşadım. Müşteri hizmetleri sorularıma yanıt verdi ancak süreç biraz yavaş ilerledi. Kargo süreci normal seyrinde gerçekleşti, kayda değer bir sorun yoktu. Ürün zamanında teslim edildi ancak paketleme standart bir seviyedeydi. Ayrıca süreç boyunca aldığım bilgilendirmeler ve genel iletişim tonu kullanıcı deneyimi açısından önemliydi. Ayrıca süreç boyunca aldığım bilgilendirmeler ve genel iletişim tonu kullanıcı deneyimi açısından önemliydi."",neutral",,,
"15,Refund,""Müşteri hizmetlerinden sipariş öncesi aldığım destek çok yardımcı oldu. Paketleme kesinlikle çok özenliydi ve taşıma sırasında herhangi bir hasar olmamış. Kullanım deneyimi son derece başarılı, özellikle malzeme kalitesi etkileyici. Arkadaşlarıma da tavsiye etmeyi düşünüyorum çünkü gerçekten başarılı bir alışveriş oldu. Kargo tahmin edilenden daha kısa sürede geldi, bu beni çok mutlu etti. Ürün elime ulaştığında beklentilerimin de üzerinde bir kalite ile karşılaştım. Ayrıca süreç boyunca aldığım bilgilendirmeler ve genel iletişim tonu kullanıcı deneyimi açısından önemliydi."",positive",,,
"42,Recommendation,""Ürün zamanında teslim edildi ancak paketleme standart bir seviyedeydi. Müşteri hizmetleri sorularıma yanıt verdi ancak süreç biraz yavaş ilerledi. Genel olarak ortalama bir alışveriş deneyimi yaşadım. Kargo süreci normal seyrinde gerçekleşti, kayda değer bir sorun yoktu. Kalite konusunda fena sayılmaz, beklentilerimi büyük ölçüde karşıladı. Ürünü bir süre daha kullandıktan sonra daha net bir yorum yapabilirim. Ayrıca süreç boyunca aldığım bilgilendirmeler ve genel iletişim tonu kullanıcı deneyimi açısından önemliydi. Ayrıca süreç boyunca aldığım bilgilendirmeler ve genel iletişim tonu kullanıcı deneyimi açısından önemliydi."",neutral",,,
"83,Order,""Üründe üretim hataları vardı ve paketleme yeterince koruyucu değildi. Kargom belirtilen tarihten çok daha geç geldi ve bu beni oldukça mağdur etti. Müşteri hizmetleri ile defalarca iletişim kurmaya çalıştım fakat çözüm odaklı davranılmadı. Bu deneyimden sonra aynı yerden tekrar alışveriş yapmayı düşünmüyorum. Ürün açıklamadaki özellikleri taşımadığı için büyük bir hayal kırıklığı yaşadım. İade süreci hem uzun hem de karmaşık ilerliyor, bu durum moral bozucu. Ayrıca süreç boyunca aldığım bilgilendirmeler ve genel iletişim tonu kullanıcı deneyimi açısından önemliydi."",negative",,,
"6,Refund,""Üründe üretim hataları vardı ve paketleme yeterince koruyucu değildi. Ürün açıklamadaki özellikleri taşımadığı için büyük bir hayal kırıklığı yaşadım. İade süreci hem uzun hem de karmaşık ilerliyor, bu durum moral bozucu. Bu deneyimden sonra aynı yerden tekrar alışveriş yapmayı düşünmüyorum. Kargom belirtilen tarihten çok daha geç geldi ve bu beni oldukça mağdur etti. Müşteri hizmetleri ile defalarca iletişim kurmaya çalıştım fakat çözüm odaklı davranılmadı. Ayrıca süreç boyunca aldığım bilgilendirmeler ve genel iletişim tonu kullanıcı deneyimi açısından önemliydi."",negative",,,
"79,Recommendation,""Paketleme kesinlikle çok özenliydi ve taşıma sırasında herhangi bir hasar olmamış. Ürün elime ulaştığında beklentilerimin de üzerinde bir kalite ile karşılaştım. Kargo tahmin edilenden daha kısa sürede geldi, bu beni çok mutlu etti. Müşteri hizmetlerinden sipariş öncesi aldığım destek çok yardımcı oldu. Arkadaşlarıma da tavsiye etmeyi düşünüyorum çünkü gerçekten başarılı bir alışveriş oldu. Kullanım deneyimi son derece başarılı, özellikle malzeme kalitesi etkileyici. Ayrıca süreç boyunca aldığım bilgilendirmeler ve genel iletişim tonu kullanıcı deneyimi açısından önemliydi."",positive",,,
"23,Recommendation,""Müşteri hizmetleri sorularıma yanıt verdi ancak süreç biraz yavaş ilerledi. Genel olarak ortalama bir alışveriş deneyimi yaşadım. Ürün zamanında teslim edildi ancak paketleme standart bir seviyedeydi. Kargo süreci normal seyrinde gerçekleşti, kayda değer bir sorun yoktu. Kalite konusunda fena sayılmaz, beklentilerimi büyük ölçüde karşıladı. Ürünü bir süre daha kullandıktan sonra daha net bir yorum yapabilirim. Ayrıca süreç boyunca aldığım bilgilendirmeler ve genel iletişim tonu kullanıcı deneyimi açısından önemliydi. Ayrıca süreç boyunca aldığım bilgilendirmeler ve genel iletişim tonu kullanıcı deneyimi açısından önemliydi."",neutral",,,
"59,Account,""Üründe üretim hataları vardı ve paketleme yeterince koruyucu değildi. Ürün açıklamadaki özellikleri taşımadığı için büyük bir hayal kırıklığı yaşadım. Bu deneyimden sonra aynı yerden tekrar alışveriş yapmayı düşünmüyorum. İade süreci hem uzun hem de karmaşık ilerliyor, bu durum moral bozucu. Kargom belirtilen tarihten çok daha geç geldi ve bu beni oldukça mağdur etti. Müşteri hizmetleri ile defalarca iletişim kurmaya çalıştım fakat çözüm odaklı davranılmadı. Ayrıca süreç boyunca aldığım bilgilendirmeler ve genel iletişim tonu kullanıcı deneyimi açısından önemliydi."",negative",,,
"40,Product Quality,""Kargom belirtilen tarihten çok daha geç geldi ve bu beni oldukça mağdur etti. Müşteri hizmetleri ile defalarca iletişim kurmaya çalıştım fakat çözüm odaklı davranılmadı. Üründe üretim hataları vardı ve paketleme yeterince koruyucu değildi. İade süreci hem uzun hem de karmaşık ilerliyor, bu durum moral bozucu. Bu deneyimden sonra aynı yerden tekrar alışveriş yapmayı düşünmüyorum. Ürün açıklamadaki özellikleri taşımadığı için büyük bir hayal kırıklığı yaşadım. Ayrıca süreç boyunca aldığım bilgilendirmeler ve genel iletişim tonu kullanıcı deneyimi açısından önemliydi."",negative",,,
"36,Refund,""İade süreci hem uzun hem de karmaşık ilerliyor, bu durum moral bozucu. Üründe üretim hataları vardı ve paketleme yeterince koruyucu değildi. Ürün açıklamadaki özellikleri taşımadığı için büyük bir hayal kırıklığı yaşadım. Bu deneyimden sonra aynı yerden tekrar alışveriş yapmayı düşünmüyorum. Kargom belirtilen tarihten çok daha geç geldi ve bu beni oldukça mağdur etti. Müşteri hizmetleri ile defalarca iletişim kurmaya çalıştım fakat çözüm odaklı davranılmadı. Ayrıca süreç boyunca aldığım bilgilendirmeler ve genel iletişim tonu kullanıcı deneyimi açısından önemliydi."",negative",,,
"99,Delivery,""Ürün elime ulaştığında beklentilerimin de üzerinde bir kalite ile karşılaştım. Müşteri hizmetlerinden sipariş öncesi aldığım destek çok yardımcı oldu. Kargo tahmin edilenden daha kısa sürede geldi, bu beni çok mutlu etti. Paketleme kesinlikle çok özenliydi ve taşıma sırasında herhangi bir hasar olmamış. Arkadaşlarıma da tavsiye etmeyi düşünüyorum çünkü gerçekten başarılı bir alışveriş oldu. Kullanım deneyimi son derece başarılı, özellikle malzeme kalitesi etkileyici. Ayrıca süreç boyunca aldığım bilgilendirmeler ve genel iletişim tonu kullanıcı deneyimi açısından önemliydi."",positive",,,
"42,Delivery,""Kullanım deneyimi son derece başarılı, özellikle malzeme kalitesi etkileyici. Arkadaşlarıma da tavsiye etmeyi düşünüyorum çünkü gerçekten başarılı bir alışveriş oldu. Ürün elime ulaştığında beklentilerimin de üzerinde bir kalite ile karşılaştım. Müşteri hizmetlerinden sipariş öncesi aldığım destek çok yardımcı oldu. Kargo tahmin edilenden daha kısa sürede geldi, bu beni çok mutlu etti. Paketleme kesinlikle çok özenliydi ve taşıma sırasında herhangi bir hasar olmamış. Ayrıca süreç boyunca aldığım bilgilendirmeler ve genel iletişim tonu kullanıcı deneyimi açısından önemliydi."",positive",,,
"91,Delivery,""Ürün zamanında teslim edildi ancak paketleme standart bir seviyedeydi. Genel olarak ortalama bir alışveriş deneyimi yaşadım. Ürünü bir süre daha kullandıktan sonra daha net bir yorum yapabilirim. Müşteri hizmetleri sorularıma yanıt verdi ancak süreç biraz yavaş ilerledi. Kargo süreci normal seyrinde gerçekleşti, kayda değer bir sorun yoktu. Kalite konusunda fena sayılmaz, beklentilerimi büyük ölçüde karşıladı. Ayrıca süreç boyunca aldığım bilgilendirmeler ve genel iletişim tonu kullanıcı deneyimi açısından önemliydi. Ayrıca süreç boyunca aldığım bilgilendirmeler ve genel iletişim tonu kullanıcı deneyimi açısından önemliydi."",neutral",,,
"26,Product Quality,""Üründe üretim hataları vardı ve paketleme yeterince koruyucu değildi. İade süreci hem uzun hem de karmaşık ilerliyor, bu durum moral bozucu. Kargom belirtilen tarihten çok daha geç geldi ve bu beni oldukça mağdur etti. Ürün açıklamadaki özellikleri taşımadığı için büyük bir hayal kırıklığı yaşadım. Müşteri hizmetleri ile defalarca iletişim kurmaya çalıştım fakat çözüm odaklı davranılmadı. Bu deneyimden sonra aynı yerden tekrar alışveriş yapmayı düşünmüyorum. Ayrıca süreç boyunca aldığım bilgilendirmeler ve genel iletişim tonu kullanıcı deneyimi açısından önemliydi."",negative",,,
"14,Order,""Müşteri hizmetleri ile defalarca iletişim kurmaya çalıştım fakat çözüm odaklı davranılmadı. Ürün açıklamadaki özellikleri taşımadığı için büyük bir hayal kırıklığı yaşadım. Kargom belirtilen tarihten çok daha geç geldi ve bu beni oldukça mağdur etti. İade süreci hem uzun hem de karmaşık ilerliyor, bu durum moral bozucu. Üründe üretim hataları vardı ve paketleme yeterince koruyucu değildi. Bu deneyimden sonra aynı yerden tekrar alışveriş yapmayı düşünmüyorum. Ayrıca süreç boyunca aldığım bilgilendirmeler ve genel iletişim tonu kullanıcı deneyimi açısından önemliydi."",negative",,,
"33,Order,""Müşteri hizmetleri sorularıma yanıt verdi ancak süreç biraz yavaş ilerledi. Genel olarak ortalama bir alışveriş deneyimi yaşadım. Ürünü bir süre daha kullandıktan sonra daha net bir yorum yapabilirim. Kargo süreci normal seyrinde gerçekleşti, kayda değer bir sorun yoktu. Ürün zamanında teslim edildi ancak paketleme standart bir seviyedeydi. Kalite konusunda fena sayılmaz, beklentilerimi büyük ölçüde karşıladı. Ayrıca süreç boyunca aldığım bilgilendirmeler ve genel iletişim tonu kullanıcı deneyimi açısından önemliydi. Ayrıca süreç boyunca aldığım bilgilendirmeler ve genel iletişim tonu kullanıcı deneyimi açısından önemliydi."",neutral",,,
"26,Account,""Ürün zamanında teslim edildi ancak paketleme standart bir seviyedeydi. Müşteri hizmetleri sorularıma yanıt verdi ancak süreç biraz yavaş ilerledi. Ürünü bir süre daha kullandıktan sonra daha net bir yorum yapabilirim. Kalite konusunda fena sayılmaz, beklentilerimi büyük ölçüde karşıladı. Kargo süreci normal seyrinde gerçekleşti, kayda değer bir sorun yoktu. Genel olarak ortalama bir alışveriş deneyimi yaşadım. Ayrıca süreç boyunca aldığım bilgilendirmeler ve genel iletişim tonu kullanıcı deneyimi açısından önemliydi. Ayrıca süreç boyunca aldığım bilgilendirmeler ve genel iletişim tonu kullanıcı deneyimi açısından önemliydi."",neutral",,,
"63,Stock,""Kullanım deneyimi son derece başarılı, özellikle malzeme kalitesi etkileyici. Ürün elime ulaştığında beklentilerimin de üzerinde bir kalite ile karşılaştım. Arkadaşlarıma da tavsiye etmeyi düşünüyorum çünkü gerçekten başarılı bir alışveriş oldu. Kargo tahmin edilenden daha kısa sürede geldi, bu beni çok mutlu etti. Müşteri hizmetlerinden sipariş öncesi aldığım destek çok yardımcı oldu. Paketleme kesinlikle çok özenliydi ve taşıma sırasında herhangi bir hasar olmamış. Ayrıca süreç boyunca aldığım bilgilendirmeler ve genel iletişim tonu kullanıcı deneyimi açısından önemliydi."",positive",,,
"6,Recommendation,""Kargo tahmin edilenden daha kısa sürede geldi, bu beni çok mutlu etti. Kullanım deneyimi son derece başarılı, özellikle malzeme kalitesi etkileyici. Arkadaşlarıma da tavsiye etmeyi düşünüyorum çünkü gerçekten başarılı bir alışveriş oldu. Paketleme kesinlikle çok özenliydi ve taşıma sırasında herhangi bir hasar olmamış. Ürün elime ulaştığında beklentilerimin de üzerinde bir kalite ile karşılaştım. Müşteri hizmetlerinden sipariş öncesi aldığım destek çok yardımcı oldu. Ayrıca süreç boyunca aldığım bilgilendirmeler ve genel iletişim tonu kullanıcı deneyimi açısından önemliydi."",positive",,,
"59,Refund,""Müşteri hizmetleri sorularıma yanıt verdi ancak süreç biraz yavaş ilerledi. Kalite konusunda fena sayılmaz, beklentilerimi büyük ölçüde karşıladı. Ürünü bir süre daha kullandıktan sonra daha net bir yorum yapabilirim. Genel olarak ortalama bir alışveriş deneyimi yaşadım. Ürün zamanında teslim edildi ancak paketleme standart bir seviyedeydi. Kargo süreci normal seyrinde gerçekleşti, kayda değer bir sorun yoktu. Ayrıca süreç boyunca aldığım bilgilendirmeler ve genel iletişim tonu kullanıcı deneyimi açısından önemliydi. Ayrıca süreç boyunca aldığım bilgilendirmeler ve genel iletişim tonu kullanıcı deneyimi açısından önemliydi."",neutral",,,
"48,Delivery,""Kullanım deneyimi son derece başarılı, özellikle malzeme kalitesi etkileyici. Kargo tahmin edilenden daha kısa sürede geldi, bu beni çok mutlu etti. Müşteri hizmetlerinden sipariş öncesi aldığım destek çok yardımcı oldu. Ürün elime ulaştığında beklentilerimin de üzerinde bir kalite ile karşılaştım. Paketleme kesinlikle çok özenliydi ve taşıma sırasında herhangi bir hasar olmamış. Arkadaşlarıma da tavsiye etmeyi düşünüyorum çünkü gerçekten başarılı bir alışveriş oldu. Ayrıca süreç boyunca aldığım bilgilendirmeler ve genel iletişim tonu kullanıcı deneyimi açısından önemliydi."",positive",,,
"45,Recommendation,""Müşteri hizmetleri ile defalarca iletişim kurmaya çalıştım fakat çözüm odaklı davranılmadı. Üründe üretim hataları vardı ve paketleme yeterince koruyucu değildi. Kargom belirtilen tarihten çok daha geç geldi ve bu beni oldukça mağdur etti. Bu deneyimden sonra aynı yerden tekrar alışveriş yapmayı düşünmüyorum. Ürün açıklamadaki özellikleri taşımadığı için büyük bir hayal kırıklığı yaşadım. İade süreci hem uzun hem de karmaşık ilerliyor, bu durum moral bozucu. Ayrıca süreç boyunca aldığım bilgilendirmeler ve genel iletişim tonu kullanıcı deneyimi açısından önemliydi."",negative",,,
"88,Product Quality,""Ürün zamanında teslim edildi ancak paketleme standart bir seviyedeydi. Müşteri hizmetleri sorularıma yanıt verdi ancak süreç biraz yavaş ilerledi. Genel olarak ortalama bir alışveriş deneyimi yaşadım. Ürünü bir süre daha kullandıktan sonra daha net bir yorum yapabilirim. Kargo süreci normal seyrinde gerçekleşti, kayda değer bir sorun yoktu. Kalite konusunda fena sayılmaz, beklentilerimi büyük ölçüde karşıladı. Ayrıca süreç boyunca aldığım bilgilendirmeler ve genel iletişim tonu kullanıcı deneyimi açısından önemliydi. Ayrıca süreç boyunca aldığım bilgilendirmeler ve genel iletişim tonu kullanıcı deneyimi açısından önemliydi."",neutral",,,
"94,Account,""Kalite konusunda fena sayılmaz, beklentilerimi büyük ölçüde karşıladı. Müşteri hizmetleri sorularıma yanıt verdi ancak süreç biraz yavaş ilerledi. Kargo süreci normal seyrinde gerçekleşti, kayda değer bir sorun yoktu. Ürünü bir süre daha kullandıktan sonra daha net bir yorum yapabilirim. Genel olarak ortalama bir alışveriş deneyimi yaşadım. Ürün zamanında teslim edildi ancak paketleme standart bir seviyedeydi. Ayrıca süreç boyunca aldığım bilgilendirmeler ve genel iletişim tonu kullanıcı deneyimi açısından önemliydi. Ayrıca süreç boyunca aldığım bilgilendirmeler ve genel iletişim tonu kullanıcı deneyimi açısından önemliydi."",neutral",,,
"70,Payment,""Arkadaşlarıma da tavsiye etmeyi düşünüyorum çünkü gerçekten başarılı bir alışveriş oldu. Ürün elime ulaştığında beklentilerimin de üzerinde bir kalite ile karşılaştım. Kargo tahmin edilenden daha kısa sürede geldi, bu beni çok mutlu etti. Müşteri hizmetlerinden sipariş öncesi aldığım destek çok yardımcı oldu. Kullanım deneyimi son derece başarılı, özellikle malzeme kalitesi etkileyici. Paketleme kesinlikle çok özenliydi ve taşıma sırasında herhangi bir hasar olmamış. Ayrıca süreç boyunca aldığım bilgilendirmeler ve genel iletişim tonu kullanıcı deneyimi açısından önemliydi."",positive",,,
"87,Refund,""Müşteri hizmetleri ile defalarca iletişim kurmaya çalıştım fakat çözüm odaklı davranılmadı. Bu deneyimden sonra aynı yerden tekrar alışveriş yapmayı düşünmüyorum. Ürün açıklamadaki özellikleri taşımadığı için büyük bir hayal kırıklığı yaşadım. Üründe üretim hataları vardı ve paketleme yeterince koruyucu değildi. Kargom belirtilen tarihten çok daha geç geldi ve bu beni oldukça mağdur etti. İade süreci hem uzun hem de karmaşık ilerliyor, bu durum moral bozucu. Ayrıca süreç boyunca aldığım bilgilendirmeler ve genel iletişim tonu kullanıcı deneyimi açısından önemliydi."",negative",,,
"31,Recommendation,""Kargo süreci normal seyrinde gerçekleşti, kayda değer bir sorun yoktu. Genel olarak ortalama bir alışveriş deneyimi yaşadım. Ürün zamanında teslim edildi ancak paketleme standart bir seviyedeydi. Müşteri hizmetleri sorularıma yanıt verdi ancak süreç biraz yavaş ilerledi. Kalite konusunda fena sayılmaz, beklentilerimi büyük ölçüde karşıladı. Ürünü bir süre daha kullandıktan sonra daha net bir yorum yapabilirim. Ayrıca süreç boyunca aldığım bilgilendirmeler ve genel iletişim tonu kullanıcı deneyimi açısından önemliydi. Ayrıca süreç boyunca aldığım bilgilendirmeler ve genel iletişim tonu kullanıcı deneyimi açısından önemliydi."",neutral",,,
"43,Account,""Kalite konusunda fena sayılmaz, beklentilerimi büyük ölçüde karşıladı. Ürünü bir süre daha kullandıktan sonra daha net bir yorum yapabilirim. Kargo süreci normal seyrinde gerçekleşti, kayda değer bir sorun yoktu. Genel olarak ortalama bir alışveriş deneyimi yaşadım. Ürün zamanında teslim edildi ancak paketleme standart bir seviyedeydi. Müşteri hizmetleri sorularıma yanıt verdi ancak süreç biraz yavaş ilerledi. Ayrıca süreç boyunca aldığım bilgilendirmeler ve genel iletişim tonu kullanıcı deneyimi açısından önemliydi. Ayrıca süreç boyunca aldığım bilgilendirmeler ve genel iletişim tonu kullanıcı deneyimi açısından önemliydi."",neutral",,,
"79,Product Quality,""Müşteri hizmetleri sorularıma yanıt verdi ancak süreç biraz yavaş ilerledi. Genel olarak ortalama bir alışveriş deneyimi yaşadım. Kargo süreci normal seyrinde gerçekleşti, kayda değer bir sorun yoktu. Ürünü bir süre daha kullandıktan sonra daha net bir yorum yapabilirim. Ürün zamanında teslim edildi ancak paketleme standart bir seviyedeydi. Kalite konusunda fena sayılmaz, beklentilerimi büyük ölçüde karşıladı. Ayrıca süreç boyunca aldığım bilgilendirmeler ve genel iletişim tonu kullanıcı deneyimi açısından önemliydi. Ayrıca süreç boyunca aldığım bilgilendirmeler ve genel iletişim tonu kullanıcı deneyimi açısından önemliydi."",neutral",,,
"49,Stock,""Ürünü bir süre daha kullandıktan sonra daha net bir yorum yapabilirim. Müşteri hizmetleri sorularıma yanıt verdi ancak süreç biraz yavaş ilerledi. Kalite konusunda fena sayılmaz, beklentilerimi büyük ölçüde karşıladı. Kargo süreci normal seyrinde gerçekleşti, kayda değer bir sorun yoktu. Ürün zamanında teslim edildi ancak paketleme standart bir seviyedeydi. Genel olarak ortalama bir alışveriş deneyimi yaşadım. Ayrıca süreç boyunca aldığım bilgilendirmeler ve genel iletişim tonu kullanıcı deneyimi açısından önemliydi. Ayrıca süreç boyunca aldığım bilgilendirmeler ve genel iletişim tonu kullanıcı deneyimi açısından önemliydi."",neutral",,,
"92,Delivery,""Müşteri hizmetleri ile defalarca iletişim kurmaya çalıştım fakat çözüm odaklı davranılmadı. Üründe üretim hataları vardı ve paketleme yeterince koruyucu değildi. Ürün açıklamadaki özellikleri taşımadığı için büyük bir hayal kırıklığı yaşadım. İade süreci hem uzun hem de karmaşık ilerliyor, bu durum moral bozucu. Bu deneyimden sonra aynı yerden tekrar alışveriş yapmayı düşünmüyorum. Kargom belirtilen tarihten çok daha geç geldi ve bu beni oldukça mağdur etti. Ayrıca süreç boyunca aldığım bilgilendirmeler ve genel iletişim tonu kullanıcı deneyimi açısından önemliydi."",negative",,,
"97,Delivery,""Müşteri hizmetleri sorularıma yanıt verdi ancak süreç biraz yavaş ilerledi. Kargo süreci normal seyrinde gerçekleşti, kayda değer bir sorun yoktu. Genel olarak ortalama bir alışveriş deneyimi yaşadım. Kalite konusunda fena sayılmaz, beklentilerimi büyük ölçüde karşıladı. Ürün zamanında teslim edildi ancak paketleme standart bir seviyedeydi. Ürünü bir süre daha kullandıktan sonra daha net bir yorum yapabilirim. Ayrıca süreç boyunca aldığım bilgilendirmeler ve genel iletişim tonu kullanıcı deneyimi açısından önemliydi. Ayrıca süreç boyunca aldığım bilgilendirmeler ve genel iletişim tonu kullanıcı deneyimi açısından önemliydi."",neutral",,,
"64,Product Quality,""Ürün elime ulaştığında beklentilerimin de üzerinde bir kalite ile karşılaştım. Müşteri hizmetlerinden sipariş öncesi aldığım destek çok yardımcı oldu. Paketleme kesinlikle çok özenliydi ve taşıma sırasında herhangi bir hasar olmamış. Kargo tahmin edilenden daha kısa sürede geldi, bu beni çok mutlu etti. Kullanım deneyimi son derece başarılı, özellikle malzeme kalitesi etkileyici. Arkadaşlarıma da tavsiye etmeyi düşünüyorum çünkü gerçekten başarılı bir alışveriş oldu. Ayrıca süreç boyunca aldığım bilgilendirmeler ve genel iletişim tonu kullanıcı deneyimi açısından önemliydi."",positive",,,
"44,Delivery,""Müşteri hizmetleri ile defalarca iletişim kurmaya çalıştım fakat çözüm odaklı davranılmadı. Ürün açıklamadaki özellikleri taşımadığı için büyük bir hayal kırıklığı yaşadım. Üründe üretim hataları vardı ve paketleme yeterince koruyucu değildi. İade süreci hem uzun hem de karmaşık ilerliyor, bu durum moral bozucu. Kargom belirtilen tarihten çok daha geç geldi ve bu beni oldukça mağdur etti. Bu deneyimden sonra aynı yerden tekrar alışveriş yapmayı düşünmüyorum. Ayrıca süreç boyunca aldığım bilgilendirmeler ve genel iletişim tonu kullanıcı deneyimi açısından önemliydi."",negative",,,
"13,Stock,""Paketleme kesinlikle çok özenliydi ve taşıma sırasında herhangi bir hasar olmamış. Ürün elime ulaştığında beklentilerimin de üzerinde bir kalite ile karşılaştım. Kargo tahmin edilenden daha kısa sürede geldi, bu beni çok mutlu etti. Kullanım deneyimi son derece başarılı, özellikle malzeme kalitesi etkileyici. Arkadaşlarıma da tavsiye etmeyi düşünüyorum çünkü gerçekten başarılı bir alışveriş oldu. Müşteri hizmetlerinden sipariş öncesi aldığım destek çok yardımcı oldu. Ayrıca süreç boyunca aldığım bilgilendirmeler ve genel iletişim tonu kullanıcı deneyimi açısından önemliydi."",positive",,,
"88,Refund,""Ürünü bir süre daha kullandıktan sonra daha net bir yorum yapabilirim. Ürün zamanında teslim edildi ancak paketleme standart bir seviyedeydi. Kargo süreci normal seyrinde gerçekleşti, kayda değer bir sorun yoktu. Müşteri hizmetleri sorularıma yanıt verdi ancak süreç biraz yavaş ilerledi. Kalite konusunda fena sayılmaz, beklentilerimi büyük ölçüde karşıladı. Genel olarak ortalama bir alışveriş deneyimi yaşadım. Ayrıca süreç boyunca aldığım bilgilendirmeler ve genel iletişim tonu kullanıcı deneyimi açısından önemliydi. Ayrıca süreç boyunca aldığım bilgilendirmeler ve genel iletişim tonu kullanıcı deneyimi açısından önemliydi."",neutral",,,
"41,Delivery,""Üründe üretim hataları vardı ve paketleme yeterince koruyucu değildi. Kargom belirtilen tarihten çok daha geç geldi ve bu beni oldukça mağdur etti. Bu deneyimden sonra aynı yerden tekrar alışveriş yapmayı düşünmüyorum. Ürün açıklamadaki özellikleri taşımadığı için büyük bir hayal kırıklığı yaşadım. Müşteri hizmetleri ile defalarca iletişim kurmaya çalıştım fakat çözüm odaklı davranılmadı. İade süreci hem uzun hem de karmaşık ilerliyor, bu durum moral bozucu. Ayrıca süreç boyunca aldığım bilgilendirmeler ve genel iletişim tonu kullanıcı deneyimi açısından önemliydi."",negative",,,
"76,Stock,""Kargom belirtilen tarihten çok daha geç geldi ve bu beni oldukça mağdur etti. Bu deneyimden sonra aynı yerden tekrar alışveriş yapmayı düşünmüyorum. Müşteri hizmetleri ile defalarca iletişim kurmaya çalıştım fakat çözüm odaklı davranılmadı. Ürün açıklamadaki özellikleri taşımadığı için büyük bir hayal kırıklığı yaşadım. İade süreci hem uzun hem de karmaşık ilerliyor, bu durum moral bozucu. Üründe üretim hataları vardı ve paketleme yeterince koruyucu değildi. Ayrıca süreç boyunca aldığım bilgilendirmeler ve genel iletişim tonu kullanıcı deneyimi açısından önemliydi."",negative",,,
"100,Account,""Müşteri hizmetleri ile defalarca iletişim kurmaya çalıştım fakat çözüm odaklı davranılmadı. Ürün açıklamadaki özellikleri taşımadığı için büyük bir hayal kırıklığı yaşadım. Üründe üretim hataları vardı ve paketleme yeterince koruyucu değildi. Kargom belirtilen tarihten çok daha geç geldi ve bu beni oldukça mağdur etti. İade süreci hem uzun hem de karmaşık ilerliyor, bu durum moral bozucu. Bu deneyimden sonra aynı yerden tekrar alışveriş yapmayı düşünmüyorum. Ayrıca süreç boyunca aldığım bilgilendirmeler ve genel iletişim tonu kullanıcı deneyimi açısından önemliydi."",negative",,,
"35,Stock,""Ürünü bir süre daha kullandıktan sonra daha net bir yorum yapabilirim. Müşteri hizmetleri sorularıma yanıt verdi ancak süreç biraz yavaş ilerledi. Ürün zamanında teslim edildi ancak paketleme standart bir seviyedeydi. Kalite konusunda fena sayılmaz, beklentilerimi büyük ölçüde karşıladı. Genel olarak ortalama bir alışveriş deneyimi yaşadım. Kargo süreci normal seyrinde gerçekleşti, kayda değer bir sorun yoktu. Ayrıca süreç boyunca aldığım bilgilendirmeler ve genel iletişim tonu kullanıcı deneyimi açısından önemliydi. Ayrıca süreç boyunca aldığım bilgilendirmeler ve genel iletişim tonu kullanıcı deneyimi açısından önemliydi."",neutral",,,
"27,Stock,""Üründe üretim hataları vardı ve paketleme yeterince koruyucu değildi. Ürün açıklamadaki özellikleri taşımadığı için büyük bir hayal kırıklığı yaşadım. Müşteri hizmetleri ile defalarca iletişim kurmaya çalıştım fakat çözüm odaklı davranılmadı. Bu deneyimden sonra aynı yerden tekrar alışveriş yapmayı düşünmüyorum. İade süreci hem uzun hem de karmaşık ilerliyor, bu durum moral bozucu. Kargom belirtilen tarihten çok daha geç geldi ve bu beni oldukça mağdur etti. Ayrıca süreç boyunca aldığım bilgilendirmeler ve genel iletişim tonu kullanıcı deneyimi açısından önemliydi."",negative",,,
"14,Refund,""Müşteri hizmetleri ile defalarca iletişim kurmaya çalıştım fakat çözüm odaklı davranılmadı. İade süreci hem uzun hem de karmaşık ilerliyor, bu durum moral bozucu. Üründe üretim hataları vardı ve paketleme yeterince koruyucu değildi. Kargom belirtilen tarihten çok daha geç geldi ve bu beni oldukça mağdur etti. Bu deneyimden sonra aynı yerden tekrar alışveriş yapmayı düşünmüyorum. Ürün açıklamadaki özellikleri taşımadığı için büyük bir hayal kırıklığı yaşadım. Ayrıca süreç boyunca aldığım bilgilendirmeler ve genel iletişim tonu kullanıcı deneyimi açısından önemliydi."",negative",,,
"79,Refund,""Ürün açıklamadaki özellikleri taşımadığı için büyük bir hayal kırıklığı yaşadım. Üründe üretim hataları vardı ve paketleme yeterince koruyucu değildi. Bu deneyimden sonra aynı yerden tekrar alışveriş yapmayı düşünmüyorum. Müşteri hizmetleri ile defalarca iletişim kurmaya çalıştım fakat çözüm odaklı davranılmadı. İade süreci hem uzun hem de karmaşık ilerliyor, bu durum moral bozucu. Kargom belirtilen tarihten çok daha geç geldi ve bu beni oldukça mağdur etti. Ayrıca süreç boyunca aldığım bilgilendirmeler ve genel iletişim tonu kullanıcı deneyimi açısından önemliydi."",negative",,,
"79,Campaign,""Kalite konusunda fena sayılmaz, beklentilerimi büyük ölçüde karşıladı. Ürün zamanında teslim edildi ancak paketleme standart bir seviyedeydi. Müşteri hizmetleri sorularıma yanıt verdi ancak süreç biraz yavaş ilerledi. Genel olarak ortalama bir alışveriş deneyimi yaşadım. Ürünü bir süre daha kullandıktan sonra daha net bir yorum yapabilirim. Kargo süreci normal seyrinde gerçekleşti, kayda değer bir sorun yoktu. Ayrıca süreç boyunca aldığım bilgilendirmeler ve genel iletişim tonu kullanıcı deneyimi açısından önemliydi. Ayrıca süreç boyunca aldığım bilgilendirmeler ve genel iletişim tonu kullanıcı deneyimi açısından önemliydi."",neutral",,,
"45,Refund,""Paketleme kesinlikle çok özenliydi ve taşıma sırasında herhangi bir hasar olmamış. Arkadaşlarıma da tavsiye etmeyi düşünüyorum çünkü gerçekten başarılı bir alışveriş oldu. Kullanım deneyimi son derece başarılı, özellikle malzeme kalitesi etkileyici. Ürün elime ulaştığında beklentilerimin de üzerinde bir kalite ile karşılaştım. Müşteri hizmetlerinden sipariş öncesi aldığım destek çok yardımcı oldu. Kargo tahmin edilenden daha kısa sürede geldi, bu beni çok mutlu etti. Ayrıca süreç boyunca aldığım bilgilendirmeler ve genel iletişim tonu kullanıcı deneyimi açısından önemliydi."",positive",,,
"43,Order,""Müşteri hizmetleri sorularıma yanıt verdi ancak süreç biraz yavaş ilerledi. Kalite konusunda fena sayılmaz, beklentilerimi büyük ölçüde karşıladı. Kargo süreci normal seyrinde gerçekleşti, kayda değer bir sorun yoktu. Genel olarak ortalama bir alışveriş deneyimi yaşadım. Ürün zamanında teslim edildi ancak paketleme standart bir seviyedeydi. Ürünü bir süre daha kullandıktan sonra daha net bir yorum yapabilirim. Ayrıca süreç boyunca aldığım bilgilendirmeler ve genel iletişim tonu kullanıcı deneyimi açısından önemliydi. Ayrıca süreç boyunca aldığım bilgilendirmeler ve genel iletişim tonu kullanıcı deneyimi açısından önemliydi."",neutral",,,
"45,Delivery,""Genel olarak ortalama bir alışveriş deneyimi yaşadım. Müşteri hizmetleri sorularıma yanıt verdi ancak süreç biraz yavaş ilerledi. Kalite konusunda fena sayılmaz, beklentilerimi büyük ölçüde karşıladı. Ürünü bir süre daha kullandıktan sonra daha net bir yorum yapabilirim. Ürün zamanında teslim edildi ancak paketleme standart bir seviyedeydi. Kargo süreci normal seyrinde gerçekleşti, kayda değer bir sorun yoktu. Ayrıca süreç boyunca aldığım bilgilendirmeler ve genel iletişim tonu kullanıcı deneyimi açısından önemliydi. Ayrıca süreç boyunca aldığım bilgilendirmeler ve genel iletişim tonu kullanıcı deneyimi açısından önemliydi."",neutral",,,
"56,Product Quality,""İade süreci hem uzun hem de karmaşık ilerliyor, bu durum moral bozucu. Kargom belirtilen tarihten çok daha geç geldi ve bu beni oldukça mağdur etti. Müşteri hizmetleri ile defalarca iletişim kurmaya çalıştım fakat çözüm odaklı davranılmadı. Ürün açıklamadaki özellikleri taşımadığı için büyük bir hayal kırıklığı yaşadım. Bu deneyimden sonra aynı yerden tekrar alışveriş yapmayı düşünmüyorum. Üründe üretim hataları vardı ve paketleme yeterince koruyucu değildi. Ayrıca süreç boyunca aldığım bilgilendirmeler ve genel iletişim tonu kullanıcı deneyimi açısından önemliydi."",negative",,,
"34,Stock,""Müşteri hizmetleri sorularıma yanıt verdi ancak süreç biraz yavaş ilerledi. Kargo süreci normal seyrinde gerçekleşti, kayda değer bir sorun yoktu. Ürünü bir süre daha kullandıktan sonra daha net bir yorum yapabilirim. Ürün zamanında teslim edildi ancak paketleme standart bir seviyedeydi. Kalite konusunda fena sayılmaz, beklentilerimi büyük ölçüde karşıladı. Genel olarak ortalama bir alışveriş deneyimi yaşadım. Ayrıca süreç boyunca aldığım bilgilendirmeler ve genel iletişim tonu kullanıcı deneyimi açısından önemliydi. Ayrıca süreç boyunca aldığım bilgilendirmeler ve genel iletişim tonu kullanıcı deneyimi açısından önemliydi."",neutral",,,
"13,Order,""Kargom belirtilen tarihten çok daha geç geldi ve bu beni oldukça mağdur etti. İade süreci hem uzun hem de karmaşık ilerliyor, bu durum moral bozucu. Üründe üretim hataları vardı ve paketleme yeterince koruyucu değildi. Bu deneyimden sonra aynı yerden tekrar alışveriş yapmayı düşünmüyorum. Müşteri hizmetleri ile defalarca iletişim kurmaya çalıştım fakat çözüm odaklı davranılmadı. Ürün açıklamadaki özellikleri taşımadığı için büyük bir hayal kırıklığı yaşadım. Ayrıca süreç boyunca aldığım bilgilendirmeler ve genel iletişim tonu kullanıcı deneyimi açısından önemliydi."",negative",,,
"42,Payment,""Ürünü bir süre daha kullandıktan sonra daha net bir yorum yapabilirim. Kargo süreci normal seyrinde gerçekleşti, kayda değer bir sorun yoktu. Genel olarak ortalama bir alışveriş deneyimi yaşadım. Müşteri hizmetleri sorularıma yanıt verdi ancak süreç biraz yavaş ilerledi. Kalite konusunda fena sayılmaz, beklentilerimi büyük ölçüde karşıladı. Ürün zamanında teslim edildi ancak paketleme standart bir seviyedeydi. Ayrıca süreç boyunca aldığım bilgilendirmeler ve genel iletişim tonu kullanıcı deneyimi açısından önemliydi. Ayrıca süreç boyunca aldığım bilgilendirmeler ve genel iletişim tonu kullanıcı deneyimi açısından önemliydi."",neutral",,,
"44,Support,""İade süreci hem uzun hem de karmaşık ilerliyor, bu durum moral bozucu. Kargom belirtilen tarihten çok daha geç geldi ve bu beni oldukça mağdur etti. Ürün açıklamadaki özellikleri taşımadığı için büyük bir hayal kırıklığı yaşadım. Üründe üretim hataları vardı ve paketleme yeterince koruyucu değildi. Bu deneyimden sonra aynı yerden tekrar alışveriş yapmayı düşünmüyorum. Müşteri hizmetleri ile defalarca iletişim kurmaya çalıştım fakat çözüm odaklı davranılmadı. Ayrıca süreç boyunca aldığım bilgilendirmeler ve genel iletişim tonu kullanıcı deneyimi açısından önemliydi."",negative",,,
"51,Refund,""Ürünü bir süre daha kullandıktan sonra daha net bir yorum yapabilirim. Kalite konusunda fena sayılmaz, beklentilerimi büyük ölçüde karşıladı. Ürün zamanında teslim edildi ancak paketleme standart bir seviyedeydi. Genel olarak ortalama bir alışveriş deneyimi yaşadım. Müşteri hizmetleri sorularıma yanıt verdi ancak süreç biraz yavaş ilerledi. Kargo süreci normal seyrinde gerçekleşti, kayda değer bir sorun yoktu. Ayrıca süreç boyunca aldığım bilgilendirmeler ve genel iletişim tonu kullanıcı deneyimi açısından önemliydi. Ayrıca süreç boyunca aldığım bilgilendirmeler ve genel iletişim tonu kullanıcı deneyimi açısından önemliydi."",neutral",,,
"83,Product Quality,""Müşteri hizmetlerinden sipariş öncesi aldığım destek çok yardımcı oldu. Kargo tahmin edilenden daha kısa sürede geldi, bu beni çok mutlu etti. Arkadaşlarıma da tavsiye etmeyi düşünüyorum çünkü gerçekten başarılı bir alışveriş oldu. Paketleme kesinlikle çok özenliydi ve taşıma sırasında herhangi bir hasar olmamış. Kullanım deneyimi son derece başarılı, özellikle malzeme kalitesi etkileyici. Ürün elime ulaştığında beklentilerimin de üzerinde bir kalite ile karşılaştım. Ayrıca süreç boyunca aldığım bilgilendirmeler ve genel iletişim tonu kullanıcı deneyimi açısından önemliydi."",positive",,,
"2,Account,""Kargo tahmin edilenden daha kısa sürede geldi, bu beni çok mutlu etti. Arkadaşlarıma da tavsiye etmeyi düşünüyorum çünkü gerçekten başarılı bir alışveriş oldu. Paketleme kesinlikle çok özenliydi ve taşıma sırasında herhangi bir hasar olmamış. Kullanım deneyimi son derece başarılı, özellikle malzeme kalitesi etkileyici. Ürün elime ulaştığında beklentilerimin de üzerinde bir kalite ile karşılaştım. Müşteri hizmetlerinden sipariş öncesi aldığım destek çok yardımcı oldu. Ayrıca süreç boyunca aldığım bilgilendirmeler ve genel iletişim tonu kullanıcı deneyimi açısından önemliydi."",positive",,,
"74,Product Quality,""Kargo tahmin edilenden daha kısa sürede geldi, bu beni çok mutlu etti. Paketleme kesinlikle çok özenliydi ve taşıma sırasında herhangi bir hasar olmamış. Ürün elime ulaştığında beklentilerimin de üzerinde bir kalite ile karşılaştım. Müşteri hizmetlerinden sipariş öncesi aldığım destek çok yardımcı oldu. Arkadaşlarıma da tavsiye etmeyi düşünüyorum çünkü gerçekten başarılı bir alışveriş oldu. Kullanım deneyimi son derece başarılı, özellikle malzeme kalitesi etkileyici. Ayrıca süreç boyunca aldığım bilgilendirmeler ve genel iletişim tonu kullanıcı deneyimi açısından önemliydi."",positive",,,
"74,Stock,""Ürün elime ulaştığında beklentilerimin de üzerinde bir kalite ile karşılaştım. Arkadaşlarıma da tavsiye etmeyi düşünüyorum çünkü gerçekten başarılı bir alışveriş oldu. Paketleme kesinlikle çok özenliydi ve taşıma sırasında herhangi bir hasar olmamış. Kullanım deneyimi son derece başarılı, özellikle malzeme kalitesi etkileyici. Müşteri hizmetlerinden sipariş öncesi aldığım destek çok yardımcı oldu. Kargo tahmin edilenden daha kısa sürede geldi, bu beni çok mutlu etti. Ayrıca süreç boyunca aldığım bilgilendirmeler ve genel iletişim tonu kullanıcı deneyimi açısından önemliydi."",positive",,,
"34,Order,""Müşteri hizmetlerinden sipariş öncesi aldığım destek çok yardımcı oldu. Ürün elime ulaştığında beklentilerimin de üzerinde bir kalite ile karşılaştım. Arkadaşlarıma da tavsiye etmeyi düşünüyorum çünkü gerçekten başarılı bir alışveriş oldu. Paketleme kesinlikle çok özenliydi ve taşıma sırasında herhangi bir hasar olmamış. Kullanım deneyimi son derece başarılı, özellikle malzeme kalitesi etkileyici. Kargo tahmin edilenden daha kısa sürede geldi, bu beni çok mutlu etti. Ayrıca süreç boyunca aldığım bilgilendirmeler ve genel iletişim tonu kullanıcı deneyimi açısından önemliydi."",positive",,,
"96,Recommendation,""Arkadaşlarıma da tavsiye etmeyi düşünüyorum çünkü gerçekten başarılı bir alışveriş oldu. Müşteri hizmetlerinden sipariş öncesi aldığım destek çok yardımcı oldu. Paketleme kesinlikle çok özenliydi ve taşıma sırasında herhangi bir hasar olmamış. Kargo tahmin edilenden daha kısa sürede geldi, bu beni çok mutlu etti. Ürün elime ulaştığında beklentilerimin de üzerinde bir kalite ile karşılaştım. Kullanım deneyimi son derece başarılı, özellikle malzeme kalitesi etkileyici. Ayrıca süreç boyunca aldığım bilgilendirmeler ve genel iletişim tonu kullanıcı deneyimi açısından önemliydi."",positive",,,
"13,Account,""Ürün elime ulaştığında beklentilerimin de üzerinde bir kalite ile karşılaştım. Arkadaşlarıma da tavsiye etmeyi düşünüyorum çünkü gerçekten başarılı bir alışveriş oldu. Paketleme kesinlikle çok özenliydi ve taşıma sırasında herhangi bir hasar olmamış. Kargo tahmin edilenden daha kısa sürede geldi, bu beni çok mutlu etti. Kullanım deneyimi son derece başarılı, özellikle malzeme kalitesi etkileyici. Müşteri hizmetlerinden sipariş öncesi aldığım destek çok yardımcı oldu. Ayrıca süreç boyunca aldığım bilgilendirmeler ve genel iletişim tonu kullanıcı deneyimi açısından önemliydi."",positive",,,
"15,Refund,""Bu deneyimden sonra aynı yerden tekrar alışveriş yapmayı düşünmüyorum. Kargom belirtilen tarihten çok daha geç geldi ve bu beni oldukça mağdur etti. Müşteri hizmetleri ile defalarca iletişim kurmaya çalıştım fakat çözüm odaklı davranılmadı. Ürün açıklamadaki özellikleri taşımadığı için büyük bir hayal kırıklığı yaşadım. Üründe üretim hataları vardı ve paketleme yeterince koruyucu değildi. İade süreci hem uzun hem de karmaşık ilerliyor, bu durum moral bozucu. Ayrıca süreç boyunca aldığım bilgilendirmeler ve genel iletişim tonu kullanıcı deneyimi açısından önemliydi."",negative",,,
"25,Delivery,""Müşteri hizmetleri sorularıma yanıt verdi ancak süreç biraz yavaş ilerledi. Kalite konusunda fena sayılmaz, beklentilerimi büyük ölçüde karşıladı. Ürün zamanında teslim edildi ancak paketleme standart bir seviyedeydi. Genel olarak ortalama bir alışveriş deneyimi yaşadım. Kargo süreci normal seyrinde gerçekleşti, kayda değer bir sorun yoktu. Ürünü bir süre daha kullandıktan sonra daha net bir yorum yapabilirim. Ayrıca süreç boyunca aldığım bilgilendirmeler ve genel iletişim tonu kullanıcı deneyimi açısından önemliydi. Ayrıca süreç boyunca aldığım bilgilendirmeler ve genel iletişim tonu kullanıcı deneyimi açısından önemliydi."",neutral",,,
"80,Recommendation,""Ürün açıklamadaki özellikleri taşımadığı için büyük bir hayal kırıklığı yaşadım. İade süreci hem uzun hem de karmaşık ilerliyor, bu durum moral bozucu. Üründe üretim hataları vardı ve paketleme yeterince koruyucu değildi. Bu deneyimden sonra aynı yerden tekrar alışveriş yapmayı düşünmüyorum. Kargom belirtilen tarihten çok daha geç geldi ve bu beni oldukça mağdur etti. Müşteri hizmetleri ile defalarca iletişim kurmaya çalıştım fakat çözüm odaklı davranılmadı. Ayrıca süreç boyunca aldığım bilgilendirmeler ve genel iletişim tonu kullanıcı deneyimi açısından önemliydi."",negative",,,
